Date,Open,High,Low,Close,Volume,symbol,Quote_Volume,Number_Of_Trades,funding_Rate,fetch_fear_greed,active_addresses,hash_rate,tx_count,miners_revenue,google_interest,time_frame,pct_change,log_return,Close_norm,sentiment_mix
2025-07-01,656.99,659.2,643.65,646.11,291724.16,BNB,189716681.8595,473313,0.0,64.0,,956568711.0781472,452266.1142857143,54394042.38259282,65,1d,,,0.0,64.4
2025-07-02,646.12,664.88,643.5,659.97,382879.99,BNB,251987600.2254,561589,0.0,63.0,,889547992.701345,366147.0,52803407.75673417,62,1d,2.145145563448958,0.021224611517316593,0.020976798389659945,62.599999999999994
2025-07-03,659.96,665.0,656.56,663.9,307349.05,BNB,203221196.9954,528793,0.0,73.0,,956568711.0781472,452266.1142857143,54394042.38259282,61,1d,0.5954816128005636,0.005937156283185957,0.02692476503261539,68.2
2025-07-04,663.9,664.4,650.08,653.39,287088.14,BNB,188473224.4027,498467,0.0,73.0,,956568711.0781472,452266.1142857143,54394042.38259282,59,1d,-1.5830697394185855,-0.015957341236018954,0.01101811632588194,67.4
2025-07-05,653.38,656.76,651.72,655.99,151159.11,BNB,98945860.5766,300244,0.0,67.0,,912804149.3732756,427456.0,53453223.3439726,61,1d,0.3979246697990435,0.0039713504363658135,0.014953157870839824,64.6
2025-07-06,656.0,664.89,653.22,663.12,285320.92,BNB,188388629.3189,407785,0.0,66.0,,956568711.0781472,452266.1142857143,54394042.38259282,69,1d,1.0869068126038606,0.01081042435781033,0.025744252569128077,67.2
2025-07-07,663.12,663.2,656.5,661.04,240143.07,BNB,158667964.046,402066,0.0,73.0,,956568711.0781472,452266.1142857143,54394042.38259282,75,1d,-0.3136687175775199,-0.0031416168903419437,0.022596219333161735,73.8
2025-07-08,661.05,662.64,657.24,660.52,262127.28,BNB,172981340.612,408104,0.0,65.0,,825593561.8535358,354753.0,49375267.19171441,68,1d,-0.07866392351445484,-0.0007869487981412619,0.021809211024170192,66.2
2025-07-09,660.52,671.94,658.41,668.88,369372.61,BNB,245361947.3828,492907,0.0,66.0,,956568711.0781472,452266.1142857143,54394042.38259282,63,1d,1.26566947253679,0.012577268247014883,0.03446188306872699,64.80000000000001
2025-07-10,668.89,688.13,667.12,686.3,523184.88,BNB,353542616.0569,610078,0.0,71.0,,956568711.0781472,452266.1142857143,54394042.38259282,62,1d,2.6043535462265233,0.025710178072786475,0.06082666141994453,67.4
2025-07-11,686.3,697.78,683.01,690.4,686984.04,BNB,474213336.1737,864131,0.0,71.0,,872105875.197397,408758.0,55661378.16508856,63,1d,0.5974063820486597,0.00595628985462914,0.06703191924083964,67.80000000000001
2025-07-12,690.4,697.38,679.47,686.1,373521.41,BNB,257258216.1861,599527,7.15e-06,79.0,,956568711.0781472,452266.1142857143,54394042.38259282,58,1d,-0.6228273464658152,-0.006247750072373025,0.06052396591648633,70.6
2025-07-13,686.1,694.47,685.3,692.33,256169.77,BNB,176975050.4151,423622,0.0,74.0,,956568711.0781472,452266.1142857143,54394042.38259282,67,1d,0.9080308992858166,0.009039330863072105,0.06995293084921228,71.2
2025-07-14,692.33,708.0,686.01,689.11,697502.14,BNB,487195509.1551,870788,3.146666666666667e-05,74.0,,910161831.228891,457360.0,56958970.224478096,75,1d,-0.4650961246804308,-0.004661810620144555,0.06507953324353367,74.4
2025-07-15,689.1,693.54,675.0,690.37,543593.97,BNB,371190744.9191,789443,0.0,73.0,,956568711.0781472,452266.1142857143,54394042.38259282,69,1d,0.18284453860777372,0.0018267758146497913,0.06698651491532093,71.4
2025-07-16,690.37,715.99,685.43,709.13,636689.7,BNB,446629640.8687,814517,0.0,70.0,,956568711.0781472,452266.1142857143,54394042.38259282,65,1d,2.717383432072662,0.02681118081051466,0.09537935313970909,68.0
2025-07-17,709.13,728.4,707.08,721.11,1062916.76,BNB,763266406.8725,1240569,1.5606666666666667e-05,74.0,,853669027.9112357,433844.0,51923875.82709622,78,1d,1.6893940462256563,0.01675282496374279,0.11351081379686107,75.6
2025-07-18,721.1,766.26,718.91,730.39,1413209.2,BNB,1046980638.2837,1657987,7.661333333333334e-05,73.0,,956568711.0781472,452266.1142857143,54394042.38259282,65,1d,1.2869049104852204,0.012786946530205458,0.12755588515732597,69.8
2025-07-19,730.39,742.94,718.95,733.43,565705.53,BNB,414300782.5972,812932,0.0,74.0,,956568711.0781472,452266.1142857143,54394042.38259282,66,1d,0.41621599419487953,0.004153522113977172,0.132156856809892,70.8
2025-07-20,733.43,762.04,731.67,757.31,698636.07,BNB,523447640.8821,871688,4.036666666666666e-06,72.0,,935269743.8145156,414919.0,55345444.39756341,78,1d,3.255934445004982,0.03204052066628134,0.16829869992281257,74.4
2025-07-21,757.32,782.76,746.29,766.51,952173.7,BNB,729467661.2871,1188121,5.445333333333333e-05,71.0,,956568711.0781472,452266.1142857143,54394042.38259282,79,1d,1.2148261610172906,0.012075063702038742,0.18222269308189426,74.2
2025-07-22,766.52,789.48,745.0,787.6,1005296.57,BNB,768618588.919,1226574,3.550666666666667e-05,72.0,,956568711.0781472,452266.1142857143,54394042.38259282,75,1d,2.7514318143272876,0.027142602223788018,0.21414193392157163,73.19999999999999
2025-07-23,787.6,810.55,752.5,776.92,2174747.27,BNB,1711879462.6428,2011391,0.0001722733333333,74.0,,878776940.4968604,366826.0,52375243.84070549,77,1d,-1.3560182833925905,-0.01365296180103844,0.19797799403689853,75.2
2025-07-24,776.88,786.93,742.61,771.15,1153929.43,BNB,886952287.7546,1360600,1.3026666666666668e-05,71.0,,956568711.0781472,452266.1142857143,54394042.38259282,67,1d,-0.7426762086186423,-0.007454477794308678,0.1892452287621267,69.4
2025-07-25,771.16,786.5,752.26,785.98,862077.9,BNB,661954107.5462,1167666,6.030000000000001e-06,70.0,,956568711.0781472,452266.1142857143,54394042.38259282,63,1d,1.923101860857157,0.019048439643225334,0.21169010034355942,67.2
2025-07-26,785.98,799.0,778.81,793.61,403647.62,BNB,317546794.1377,570799,4.816666666666666e-05,72.0,,970032969.1338756,573275.0,57613130.504926935,62,1d,0.970762614824805,0.009660809884876428,0.22323793380049342,68.0
2025-07-27,793.57,848.0,791.16,844.8,1093029.43,BNB,894441073.0569,1167215,7.479e-05,73.0,,956568711.0781472,452266.1142857143,54394042.38259282,70,1d,6.450271543957342,0.06250775625427171,0.30071284791064423,71.8
2025-07-28,844.71,861.76,821.0,824.48,1679579.1,BNB,1416705718.916,1686366,0.0001168766666666,75.0,,956568711.0781472,452266.1142857143,54394042.38259282,81,1d,-2.4053030303030187,-0.024347028372082767,0.26995898475928143,77.4
2025-07-29,824.48,835.67,800.61,805.82,1312874.32,BNB,1075229358.1071,1465168,4.581666666666667e-05,73.0,,710531240.0792824,350960.0,44261671.20515351,75,1d,-2.2632447118183574,-0.02289249207607558,0.24171749428662245,73.8
2025-07-30,805.82,812.28,765.79,794.07,1163545.13,BNB,920807585.8055,1363708,5.6176666666666674e-05,74.0,,956568711.0781472,452266.1142857143,54394042.38259282,74,1d,-1.4581420168275794,-0.01468877393360582,0.22393413345844757,74.0
2025-07-31,794.08,815.0,782.01,783.68,1043932.17,BNB,835235471.6306,1228528,2.659e-05,72.0,,956568711.0781472,452266.1142857143,54394042.38259282,70,1d,-1.3084488773030256,-0.013170844806429986,0.20820910205378892,71.19999999999999
2025-08-01,783.67,795.88,745.0,757.64,1271585.32,BNB,978358648.9532,1670439,1.885e-05,65.0,,957948368.3211752,400385.0,56353797.87732009,64,1d,-3.322784810126578,-0.033792434975262055,0.16879814750351882,64.6
2025-08-02,757.64,770.47,732.82,736.97,726171.5,BNB,544793276.2116,1045574,3.263333333333333e-06,55.0,,956568711.0781472,452266.1142857143,54394042.38259282,67,1d,-2.728208647906649,-0.02766115299079167,0.13751456722110397,59.8
2025-08-03,736.97,755.68,730.43,751.41,408193.71,BNB,304844640.8956,689400,1.2256666666666667e-05,53.0,,956568711.0781472,452266.1142857143,54394042.38259282,71,1d,1.9593741943362497,0.019404255744379234,0.15936918257079286,60.2
2025-08-04,751.4,770.0,750.56,768.89,484047.2,BNB,368238123.4518,685042,0.0,64.0,,1084828946.9067616,443301.0,63216750.855126135,75,1d,2.326293235384136,0.022996474819028362,0.18582476957304797,68.4
2025-08-05,768.89,770.04,745.41,755.57,523867.46,BNB,396145526.2799,842228,0.0,60.0,,956568711.0781472,452266.1142857143,54394042.38259282,72,1d,-1.732367438775373,-0.017475485068859264,0.16566524904272556,64.8
2025-08-06,755.56,775.39,746.39,769.94,492368.17,BNB,375572955.6254,812440,1.0896666666666668e-05,54.0,,956568711.0781472,452266.1142857143,54394042.38259282,75,1d,1.901875405323139,0.018840158441427054,0.18741392096620413,62.4
2025-08-07,769.94,788.99,764.78,788.99,552539.95,BNB,428060533.0196,830342,1.39e-05,62.0,,1021388657.6139684,565200.0,59669628.45612645,68,1d,2.47421877029379,0.02444105676060097,0.21624566767060677,64.4
2025-08-08,788.99,799.0,781.1,793.71,556718.36,BNB,439509213.2365,925693,0.0,74.0,,956568711.0781472,452266.1142857143,54394042.38259282,73,1d,0.5982331841975164,0.005964508741983198,0.2233892815522226,73.6
2025-08-09,793.72,819.86,792.89,799.16,614720.66,BNB,496416264.9633,875928,1.8336666666666667e-05,67.0,,956568711.0781472,452266.1142857143,54394042.38259282,70,1d,0.6866487760013085,0.006843020795439344,0.23163773402146107,68.19999999999999
2025-08-10,799.17,816.04,794.02,807.65,467219.66,BNB,375977895.7249,841683,1.0926666666666668e-05,69.0,,868625162.1369333,400467.0,51005043.20194832,82,1d,1.0623654837579544,0.010567620328018976,0.24448715814326577,74.2
2025-08-11,807.65,828.22,791.1,805.26,950416.12,BNB,769288960.3034,1360958,4.767e-05,70.0,,956568711.0781472,452266.1142857143,54394042.38259282,80,1d,-0.29592026248993486,-0.002963589721997455,0.24086994687693913,74.0
2025-08-12,805.25,840.66,797.7,833.05,790002.06,BNB,646512163.3567,1054315,0.0,68.0,,956568711.0781472,452266.1142857143,54394042.38259282,80,1d,3.451059285199798,0.03392845773730807,0.28292948708246934,72.8
2025-08-13,833.05,860.0,828.83,848.3,1096958.53,BNB,928505659.4047,1284530,0.00014916,73.0,,1003744631.8026783,441094.0,60045859.57365181,81,1d,1.8306224116199532,0.018140682438611333,0.30601001922116444,76.19999999999999
2025-08-14,848.29,870.15,821.0,840.8,1665514.57,BNB,1412668513.5884,1858654,0.00010111,75.0,,956568711.0781472,452266.1142857143,54394042.38259282,80,1d,-0.8841211835435625,-0.008880527250947741,0.29465893784147834,77.0
2025-08-15,840.77,853.99,812.8,828.0,836007.78,BNB,698141256.1376,1157560,0.0,60.0,,956568711.0781472,452266.1142857143,54394042.38259282,75,1d,-1.5223596574690745,-0.015340665177481652,0.27528642562014743,66.0
2025-08-16,828.0,839.7,825.4,838.97,363568.89,BNB,302900271.4661,632955,0.0,56.0,,978007589.9615842,401706.0,56291249.48949163,78,1d,1.3248792270531329,0.01316179458925799,0.291889273984835,64.80000000000001
2025-08-17,838.98,864.48,838.36,855.96,616676.23,BNB,526757101.1185,824080,1.1466666666666668e-06,64.0,,956568711.0781472,452266.1142857143,54394042.38259282,86,1d,2.025102208660612,0.02004869710342923,0.3176032570036173,72.8
2025-08-18,855.95,859.1,825.19,847.56,830419.81,BNB,697730458.8125,1125457,1.0883333333333331e-05,60.0,,956568711.0781472,452266.1142857143,54394042.38259282,85,1d,-0.981354268891077,-0.009862012869115932,0.3048900458583687,70.0
2025-08-19,847.56,852.6,823.25,824.44,800424.67,BNB,672281191.3455,1152653,0.0,56.0,,862190901.6766596,412417.0,49935656.50295718,84,1d,-2.7278304780782303,-0.027657265233734393,0.26989844565858984,67.2
2025-08-20,824.45,882.0,818.54,869.71,1175724.83,BNB,996677051.4936,1322342,0.0,44.0,,956568711.0781472,452266.1142857143,54394042.38259282,75,1d,5.490999951482212,0.053455454772295054,0.33841357286637513,56.4
2025-08-21,869.72,884.54,833.72,839.78,1099716.52,BNB,942064252.3131,1316390,4.269333333333333e-05,50.0,,956568711.0781472,452266.1142857143,54394042.38259282,68,1d,-3.4413770107277197,-0.035019869974978975,0.293115190773841,57.2
2025-08-22,839.79,901.76,839.52,901.0,1317576.44,BNB,1147131059.7028,1525809,1.6106666666666666e-05,50.0,,939585701.641628,459717.0,53263914.816695295,72,1d,7.290004524994642,0.07036530483592508,0.38577028438242555,58.8
2025-08-23,901.01,901.08,876.42,880.86,822363.38,BNB,730007803.7178,1067088,0.0002099666666666,60.0,,956568711.0781472,452266.1142857143,54394042.38259282,68,1d,-2.2352941176470575,-0.022606554628913936,0.35528884718417514,63.2
2025-08-24,880.87,887.01,860.0,876.9,1039574.68,BNB,906561688.3427,1224068,7.586666666666666e-05,53.0,,956568711.0781472,452266.1142857143,54394042.38259282,74,1d,-0.4495606566310206,-0.0045057421941140305,0.3492954762157008,61.4
2025-08-25,876.91,881.3,832.58,839.63,1153510.17,BNB,991592949.8037,1502604,2.217e-05,47.0,,909080588.918406,482127.0,51120833.63289729,77,1d,-4.250199566655266,-0.04343164217656043,0.2928881691462473,59.0
2025-08-26,839.63,868.33,830.08,864.16,633691.2,BNB,537423039.2395,1010927,9.333333333333332e-07,48.0,,956568711.0781472,452266.1142857143,54394042.38259282,75,1d,2.9215249574217284,0.02879661823583151,0.3300137726454073,58.8
2025-08-27,864.17,867.5,853.41,855.74,490123.02,BNB,422022976.1479,851895,1.6456666666666668e-05,51.0,,956568711.0781472,452266.1142857143,54394042.38259282,63,1d,-0.9743566006295112,-0.009791345158421505,0.3172702919498131,55.8
2025-08-28,855.75,882.21,851.54,873.92,833522.68,BNB,726477780.2207,1056196,6.303e-05,48.0,,1025133430.0569257,575612.0,57745298.99455071,62,1d,2.124477060789487,0.021022246599180668,0.34478531321417216,53.599999999999994
2025-08-29,873.92,878.53,850.56,862.84,673732.09,BNB,580167494.0096,953338,2.2796666666666668e-05,50.0,,956568711.0781472,452266.1142857143,54394042.38259282,62,1d,-1.267850604174292,-0.012759564158824083,0.32801598232258267,54.8
2025-08-30,862.85,864.6,851.8,862.6,277036.46,BNB,237841732.7064,512804,1.860333333333333e-05,39.0,,956568711.0781472,452266.1142857143,54394042.38259282,59,1d,-0.027815122154750682,-0.00027818991277337184,0.3276527477184327,47.0
2025-08-31,862.6,868.27,857.32,858.08,316301.13,BNB,272832148.313,521958,1.3106666666666668e-05,48.0,,851054168.3491462,472908.0,46665914.96970029,62,1d,-0.5239972177138896,-0.005253748979127712,0.32081182934027525,53.599999999999994
2025-09-01,858.09,869.72,840.01,846.19,781541.09,BNB,668124895.9238,1085373,0.0,46.0,,956568711.0781472,452266.1142857143,54394042.38259282,65,1d,-1.3856516874883429,-0.013953414555700814,0.30281658165967956,53.599999999999994
2025-09-02,846.18,857.0,841.2,852.22,446844.24,BNB,380006841.0955,756213,7.226666666666666e-06,49.0,,956568711.0781472,452266.1142857143,54394042.38259282,64,1d,0.7126059159290543,0.007100788780839057,0.31194285108894715,55.0
2025-09-03,852.22,864.43,849.16,855.21,309946.6,BNB,265388823.711,550008,0.0,55.0,,883291068.6654017,411173.0,49232179.806125626,63,1d,0.350848372485979,0.003502343353905718,0.31646814886564867,58.2
2025-09-04,855.21,857.17,841.08,843.8,331377.91,BNB,280877618.3628,552613,9.106666666666669e-06,51.0,,956568711.0781472,452266.1142857143,54394042.38259282,57,1d,-1.3341752318144162,-0.013431553123420687,0.29919937039335276,53.4
2025-09-05,843.8,857.99,842.33,850.28,357112.83,BNB,303439969.9089,587418,0.0,48.0,,956568711.0781472,452266.1142857143,54394042.38259282,54,1d,0.7679544915856873,0.007650207314686507,0.3090067047054016,50.4
2025-09-06,850.28,865.77,849.75,861.47,413035.0,BNB,354927950.012,618614,4.613333333333333e-06,48.0,,946761026.3534616,441035.0,51557818.35938023,56,1d,1.3160370701416069,0.013074525373556559,0.32594251812389335,51.2
2025-09-07,861.47,884.97,861.12,880.67,408406.79,BNB,356212492.3739,572431,1.7406666666666667e-05,44.0,,956568711.0781472,452266.1142857143,54394042.38259282,62,1d,2.2287485344817393,0.022042749039871384,0.3550012864558897,51.2
2025-09-08,880.68,886.59,870.01,878.55,495317.7,BNB,435292531.6666,752270,2.4726666666666665e-05,51.0,,956568711.0781472,452266.1142857143,54394042.38259282,59,1d,-0.24072581103024016,-0.0024101602144518774,0.35179271411923174,54.2
2025-09-09,878.54,885.42,871.72,880.3,435091.55,BNB,382245988.8582,637778,7.386333333333333e-05,48.0,,1129350652.8644862,619514.0,59621353.915624365,60,1d,0.1991918502077361,0.001989937262959545,0.3544412997744918,52.8
2025-09-10,880.29,908.1,877.51,894.14,823061.95,BNB,736220950.9531,1043363,5.392333333333333e-05,49.0,,956568711.0781472,452266.1142857143,54394042.38259282,56,1d,1.5721912984209885,0.015599603998796396,0.37538782861380593,51.8
2025-09-11,894.14,905.45,884.04,903.13,538321.12,BNB,483018636.2437,761921,7.693333333333333e-06,54.0,,956568711.0781472,452266.1142857143,54394042.38259282,54,1d,1.005435390431031,0.010004145151994619,0.3889939914942564,54.0
2025-09-12,903.13,930.6,902.0,925.5,669201.39,BNB,611067745.5632,916503,4.659e-05,57.0,,811509451.1601102,396513.0,45996051.3087754,59,1d,2.476941304131186,0.024467624395900694,0.4228504835560668,57.8
2025-09-13,925.5,944.5,922.45,934.21,737020.73,BNB,687924166.4307,926900,0.0001340666666666,52.0,,956568711.0781472,452266.1142857143,54394042.38259282,58,1d,0.9411129119395012,0.0093671203431289,0.4360328727316757,54.400000000000006
2025-09-14,934.22,945.98,923.15,926.82,550735.3,BNB,513838304.4859,822994,3.484333333333333e-05,55.0,,956568711.0781472,452266.1142857143,54394042.38259282,62,1d,-0.7910426991789787,-0.007941880402466253,0.4248482738788916,57.8
2025-09-15,926.82,936.13,911.0,920.12,566059.27,BNB,521422099.1558,861533,0.0,53.0,,1102300337.8258162,535154.0,60079253.51947369,66,1d,-0.7229019658617664,-0.007255275634396644,0.41470797451303865,58.2
2025-09-16,920.11,960.03,917.05,956.26,904805.28,BNB,850868058.5913,1109190,6.5e-07,52.0,,956568711.0781472,452266.1142857143,54394042.38259282,59,1d,3.92774855453637,0.038525746282588,0.46940505198795274,54.8
2025-09-17,956.26,996.6,946.48,990.81,1358382.52,BNB,1309521984.3208,1519131,9.149333333333332e-05,53.0,,956568711.0781472,452266.1142857143,54394042.38259282,61,1d,3.613034112061575,0.035492947816125164,0.5216957002103734,56.2
2025-09-18,990.81,1008.19,979.66,981.78,1271592.66,BNB,1263997820.8266,1386054,0.00011297,52.0,,1087599379.141188,448521.0,60565164.56275341,75,1d,-0.9113755412238467,-0.009155539749671978,0.5080289982292313,61.2
2025-09-19,981.78,1004.0,974.37,984.48,1146390.96,BNB,1133251378.7203,1292028,3.935666666666667e-05,53.0,,956568711.0781472,452266.1142857143,54394042.38259282,62,1d,0.2750106948603559,0.002746332323320991,0.5121153875259183,56.599999999999994
2025-09-20,984.48,1050.0,983.2,1044.27,1610426.54,BNB,1632985841.6475,1594761,0.0,48.0,,956568711.0781472,452266.1142857143,54394042.38259282,66,1d,6.073256947830319,0.058959772703493195,0.602606208284776,55.2
2025-09-21,1044.28,1084.28,1039.75,1048.25,1894892.89,BNB,2010587733.9495,2053390,0.0,49.0,,1146294045.7615745,513490.0,59677110.55222099,80,1d,0.3811274861865277,0.003804030355198642,0.608629848803596,61.4
2025-09-22,1048.25,1051.06,976.88,993.51,2188443.49,BNB,2218799265.9355,2237928,3.900333333333333e-05,45.0,,956568711.0781472,452266.1142857143,54394042.38259282,70,1d,-5.2220367278797974,-0.05363325868439231,0.5257820895070604,55.0
2025-09-23,993.51,1028.14,963.12,1016.87,1702514.23,BNB,1708693658.6791,1925144,1.431e-05,43.0,,956568711.0781472,452266.1142857143,54394042.38259282,64,1d,2.3512596752926607,0.02324043356953429,0.5611369243109894,51.400000000000006
2025-09-24,1016.86,1034.96,991.18,1018.81,1269789.63,BNB,1290502023.3917,1514985,2.3976666666666667e-05,44.0,,1082611043.2192645,522936.0,55101523.83746149,59,1d,0.19078151582798686,0.001905997590296133,0.5640730706945348,50.0
2025-09-25,1018.81,1020.33,940.0,946.49,1829247.42,BNB,1794388809.2204,2041967,3.883666666666667e-05,44.0,,956568711.0781472,452266.1142857143,54394042.38259282,59,1d,-7.0984776356729835,-0.07363015317310412,0.454618376644015,50.0
2025-09-26,946.49,966.66,932.67,961.28,1150083.93,BNB,1090254100.1584,1603585,2.014333333333333e-05,28.0,,956568711.0781472,452266.1142857143,54394042.38259282,55,1d,1.5626155585373391,0.01550532434245483,0.47700270912475595,38.8
2025-09-27,961.27,986.55,955.82,968.71,720769.92,BNB,699973612.6887,962117,0.0,33.0,,1096762821.5620005,526116.0,57571424.46552212,55,1d,0.7729277629827003,0.007699559796846832,0.48824784707823177,41.8
2025-09-28,968.71,993.58,963.06,993.09,595352.82,BNB,580610432.0575,829038,0.0,37.0,,956568711.0781472,452266.1142857143,54394042.38259282,63,1d,2.516749078671632,0.024856004886700103,0.525146428949798,47.400000000000006
2025-09-29,993.1,1036.78,991.41,1030.43,1129524.54,BNB,1143412466.1754,1390444,5.3603333333333336e-05,50.0,,956568711.0781472,452266.1142857143,54394042.38259282,64,1d,3.7599814719713187,0.03691017545388336,0.581659679445462,55.6
2025-09-30,1030.43,1034.5,993.2,1008.77,931826.35,BNB,943040707.9998,1218923,3.7113333333333336e-05,50.0,,1139218156.5902066,555361.0,59806339.233965605,60,1d,-2.10203507273663,-0.021244423927507323,0.5488777564209284,54.0
2025-10-01,1008.77,1036.56,1003.44,1026.85,816777.34,BNB,833790603.3423,1153071,0.0,49.0,,956568711.0781472,452266.1142857143,54394042.38259282,64,1d,1.7922816895823646,0.017764096880518658,0.5762414299335583,55.0
2025-10-02,1026.85,1100.34,1023.08,1090.91,1310435.13,BNB,1384850279.0479,1731053,0.0,64.0,,956568711.0781472,452266.1142857143,54394042.38259282,59,1d,6.238496372401059,0.06051634651865102,0.6731947996912507,62.0
2025-10-03,1090.91,1193.39,1084.5,1190.39,2605397.95,BNB,2956935475.763,3055912,0.0001132866666666,63.0,,884796047.8241848,387726.0,45203497.90500219,74,1d,9.118992400839666,0.08726877420115536,0.8237555431114073,67.4
2025-10-04,1190.39,1191.11,1138.0,1151.46,1283105.97,BNB,1487982394.092,1743211,5.649666666666667e-05,71.0,,956568711.0781472,452266.1142857143,54394042.38259282,62,1d,-3.2703567738304296,-0.033250282147697395,0.7648358633632499,67.4
2025-10-05,1151.45,1189.9,1144.0,1167.98,1238983.69,BNB,1444322720.4998,1734542,1.5356666666666665e-05,74.0,,956568711.0781472,452266.1142857143,54394042.38259282,63,1d,1.4347002935403808,0.014245058595685079,0.7898385119489051,69.6
2025-10-06,1167.99,1240.26,1162.27,1223.97,2323760.06,BNB,2814594837.6956,2622998,3.575e-05,71.0,,922287405.7828364,431274.0,48326772.4491213,75,1d,4.793746468261451,0.04682391301408377,0.8745781181420551,72.6
2025-10-07,1223.95,1362.91,1203.33,1305.33,4867481.93,BNB,6262624123.7687,5303614,2.0836666666666667e-05,70.0,,956568711.0781472,452266.1142857143,54394042.38259282,100,1d,6.647221745631016,0.06435620838490196,0.9977146489488898,82.0
2025-10-08,1305.32,1335.32,1264.28,1306.84,2875136.17,BNB,3748365447.4061,3433949,0.0,60.0,,956568711.0781472,452266.1142857143,54394042.38259282,91,1d,0.11567955995801515,0.0011561270271020082,1.0,72.4
2025-10-09,1306.84,1319.99,1225.55,1256.16,3108910.81,BNB,3952621384.4281,3451259,0.0,70.0,,899792591.007645,367782.0,46140046.75896492,78,1d,-3.878056992439771,-0.039552560930038214,0.923296959423668,73.2
2025-10-10,1256.16,1279.14,823.6,1102.85,4617167.72,BNB,5372102191.3203,4883566,0.0,64.0,,956568711.0781472,452266.1142857143,54394042.38259282,67,1d,-12.204655457903469,-0.1301617101913487,0.6912657212477108,65.2
2025-10-11,1102.99,1183.13,1075.01,1134.93,2439410.5,BNB,2747117482.2003,3772705,9.2e-07,27.0,,956568711.0781472,452266.1142857143,54394042.38259282,67,1d,2.9088271297094126,0.028673236746175904,0.7398180800024218,43.0
2025-10-12,1134.95,1320.97,1107.1,1302.92,3385048.28,BNB,4178138345.3521,4429200,-1.777e-05,24.0,,1087249380.8009045,463487.0,52631008.27803633,76,1d,14.801793943238795,0.1380369244585441,0.9940671681322176,44.8
2025-10-13,1302.92,1374.61,1250.01,1293.71,4181705.38,BNB,5470069933.4579,5504044,-0.0001018966666666,38.0,,956568711.0781472,452266.1142857143,54394042.38259282,85,1d,-0.7068737911767431,-0.0070938398020009286,0.9801280401979631,56.8
2025-10-14,1293.7,1317.02,1142.79,1208.03,4103220.59,BNB,4966235292.122,5086961,-0.0001481433333333,38.0,,956568711.0781472,452266.1142857143,54394042.38259282,74,1d,-6.6228134589668475,-0.06852312603783892,0.8504532865164288,52.400000000000006
2025-10-15,1208.03,1223.09,1148.53,1163.09,1825758.36,BNB,2159772744.2039,2755006,-6.811666666666666e-05,34.0,,956568711.0781472,452266.1142857143,56483930.76401499,65,1d,-3.7201062887511127,-0.03791067702845263,0.7824376068893496,46.4
2025-10-16,1163.09,1195.59,1121.82,1144.65,1969968.75,BNB,2296497694.9907,2921624,0.0,28.0,,956568711.0781472,452266.1142857143,54394042.38259282,57,1d,-1.5854319098263958,-0.015981343191272215,0.754529081470495,39.6
2025-10-17,1144.65,1156.69,1021.0,1070.3,2898853.83,BNB,3106468459.6011,3859462,-5.593e-05,22.0,,956568711.0781472,452266.1142857143,54394042.38259282,58,1d,-6.495435285895268,-0.06715993041342214,0.6420020280598732,36.400000000000006
2025-10-18,1070.3,1130.98,1068.43,1092.0,1289524.19,BNB,1417897068.7017,2037546,-7.269999999999999e-05,23.0,,956568711.0781472,452266.1142857143,55526576.457383774,56,1d,2.0274689339437657,0.02007189431452054,0.6748444901850984,36.2
2025-10-19,1092.0,1133.0,1067.7,1109.08,1226270.67,BNB,1349486664.4515,1934221,-3.1293333333333334e-05,29.0,,956568711.0781472,452266.1142857143,54394042.38259282,58,1d,1.564102564102554,0.015519965504178751,0.7006946861804367,40.6
2025-10-20,1109.07,1142.74,1086.87,1099.72,1366763.63,BNB,1518673790.2214,2185224,-0.0002015633333333,29.0,,956568711.0781472,452266.1142857143,54394042.38259282,61,1d,-0.8439427273055022,-0.008475240879305505,0.6865285366185887,41.8
2025-10-21,1099.73,1114.65,1051.01,1056.56,1611353.81,BNB,1745482221.0522,2358324,-9.62e-06,34.0,,956568711.0781472,452266.1142857143,53878170.125397824,58,1d,-3.9246353617284457,-0.04003725419417472,0.6212068469722882,43.6
2025-10-22,1056.56,1083.64,1052.03,1071.37,1130104.69,BNB,1207666082.3991,1870658,-7.553e-05,25.0,,956568711.0781472,452266.1142857143,54394042.38259282,58,1d,1.401718785492534,0.013919855572596167,0.6436214490033749,38.2
2025-10-23,1071.38,1159.84,1071.34,1125.61,2449875.65,BNB,2730667855.8534,3206479,-2.313333333333333e-05,27.0,,956568711.0781472,452266.1142857143,54394042.38259282,59,1d,5.062676759662854,0.049386907603245433,0.7257124695412649,39.8
2025-10-24,1125.61,1143.92,1096.32,1108.16,1111698.02,BNB,1248251445.3361,1752335,-0.0001506766666666,30.0,,956568711.0781472,452266.1142857143,67896489.5775563,55,1d,-1.5502705199847089,-0.015624128697333416,0.6993022868645288,40.0
2025-10-25,1108.16,1120.9,1100.0,1116.35,509394.49,BNB,566763008.4442,883196,-9.026666666666667e-05,37.0,,956568711.0781472,452266.1142857143,54394042.38259282,54,1d,0.739062951198366,0.007363452630388728,0.7116976677311458,43.8
2025-10-26,1116.35,1142.99,1114.23,1137.87,744435.95,BNB,840213559.3664,1157391,0.0,40.0,,956568711.0781472,452266.1142857143,54394042.38259282,56,1d,1.9277108433734869,0.019093658815579603,0.7442677039032585,46.400000000000006
2025-10-27,1137.87,1182.76,1129.0,1138.38,1565978.26,BNB,1803752634.9523,2201288,0.0,51.0,,956568711.0781472,452266.1142857143,55381422.5990335,60,1d,0.044820585831439885,0.00044810544407173264,0.7450395774370774,54.599999999999994
2025-10-28,1138.37,1148.9,1070.95,1102.35,1152322.26,BNB,1293575015.7454,1936185,-3.798666666666667e-05,50.0,,956568711.0781472,452266.1142857143,54394042.38259282,54,1d,-3.1650239814473347,-0.03216193446110748,0.6905089824890651,51.6
2025-10-29,1102.34,1109.18,1098.05,1108.96,141739.11,BNB,156424503.969,243802,-0.00029777,51.0,,956568711.0781472,452266.1142857143,54394042.38259282,56,1d,0.5996280673107535,0.005978374526684715,0.700513068878362,53.0
